traditional	simplified	pinyin	language	definition	source	source_page	part_of_speech
真的	真的	zhen1 de5	fr	vraiment; réellement; en effet	Pangmao		adverb
真的	真的	zhen1 de5	fr	vrai; réel; authentique	Pangmao		adjective
真的	真的	zhen1 de5	fr	(mathématiques) propre	Pangmao		adjective
遊戲	游戏	you2 xi4	fr	jeu	Pangmao		noun
遊戲	游戏	you2 xi4	fr	jouer	Pangmao		verb
所有人	所有人	suo3 you3 ren2	fr	tout le monde; toutes les personnes	Pangmao		pronoun
所有人	所有人	suo3 you3 ren2	fr	propriétaire; détenteur	Pangmao		noun
台灣	台湾	Tai2 wan1	fr	variante de 臺灣 : Taïwan	Pangmao		proper noun
世界語	世界语	Shi4 jie4 yu3	fr	espéranto	Pangmao		proper noun
中國人	中国人	Zhong1 guo2 ren2	fr	personne chinoise; Chinois; Chinoise	Pangmao		noun
阿爾及利亞	阿尔及利亚	A1 er3 ji2 li4 ya4	fr	Algérie	Pangmao		proper noun
槍	枪	Qiang1	fr	nom de famille Qiang	Pangmao		proper noun
槍	枪	Qiang1	fr	arme à feu; fusil; pistolet	Pangmao		noun
槍	枪	Qiang1	fr	lance	Pangmao		noun
槍	枪	Qiang1	fr	objet dont la forme ou la fonction rappelle une arme	Pangmao		noun
槍	枪	Qiang1	fr	se substituer à quelqu'un lors d'un examen	Pangmao		verb
槍	枪	Qiang1	fr	heurter; frapper	Pangmao		verb
槍	枪	Qiang1	fr	classificateur des coups de feu	Pangmao		classifier
三明治	三明治	san1 ming2 zhi4	fr	sandwich	Pangmao		noun
南希	南希	Nan2 xi1	fr	Nancy, ville de France	Pangmao		proper noun
阿拉伯語	阿拉伯语	A1 la1 bo2 yu3	fr	arabe; langue arabe	Pangmao		noun
生菜	生菜	sheng1 cai4	fr	laitue; salade verte	Pangmao		noun
生菜	生菜	sheng1 cai4	fr	légumes-feuilles frais consommés crus	Pangmao		noun
沒問題	没问题	mei2 wen4 ti2	fr	pas de problème	Pangmao		interjection
鎖	锁	suo3	fr	verrouiller; fermer à clé	Pangmao		verb
鎖	锁	suo3	fr	serrure; verrou; cadenas	Pangmao		noun
愛丁堡	爱丁堡	Ai4 ding1 bao3	fr	Édimbourg, capitale de l'Écosse	Pangmao		proper noun
蘇	苏	Su1	fr	nom de famille Su	Pangmao		proper noun
蘇	苏	Su1	fr	abréviation de l'Union soviétique	Pangmao		proper noun
蘇	苏	Su1	fr	abréviation du Jiangsu ou de Suzhou	Pangmao		proper noun
蘇	苏	Su1	fr	pérille de Nankin (Perilla frutescens)	Pangmao		noun
蘇	苏	Su1	fr	reprendre connaissance; ressusciter	Pangmao		verb
蘇	苏	Su1	fr	utilisé dans des transcriptions phonétiques	Pangmao		particle
蘋果汁	苹果汁	ping2 guo3 zhi1	fr	jus de pomme	Pangmao		noun
西班牙人	西班牙人	Xi1 ban1 ya2 ren2	fr	personne espagnole; Espagnol; Espagnole	Pangmao		noun
一點點	一点点	yi1 dian3 dian3	fr	un tout petit peu; un peu	Pangmao		adverb
亞美尼亞	亚美尼亚	Ya4 mei3 ni2 ya4	fr	Arménie	Pangmao		proper noun
荷蘭語	荷兰语	He2 lan2 yu3	fr	néerlandais; langue néerlandaise	Pangmao		noun
鎖門	锁门	suo3 men2	fr	verrouiller une porte; fermer à clé	Pangmao		verb
拉丁語	拉丁语	La1 ding1 yu3	fr	latin; langue latine	Pangmao		noun
橙汁	橙汁	cheng2 zhi1	fr	jus d'orange	Pangmao		noun
鋼琴家	钢琴家	gang1 qin2 jia1	fr	pianiste	Pangmao		noun
阿爾及爾	阿尔及尔	A1 er3 ji2 er3	fr	Alger, capitale de l'Algérie	Pangmao		proper noun
駕駛執照	驾驶执照	jia4 shi3 zhi2 zhao4	fr	permis de conduire	Pangmao		noun
中國菜	中国菜	Zhong1 guo2 cai4	fr	cuisine chinoise	Pangmao		noun
素食主義	素食主义	su4 shi2 zhu3 yi4	fr	végétarisme	Pangmao		noun
繞	绕	rao4	fr	enrouler; bobiner	Pangmao		verb
繞	绕	rao4	fr	tourner autour; décrire une spirale	Pangmao		verb
繞	绕	rao4	fr	contourner; faire un détour; éviter un obstacle	Pangmao		verb
繞	绕	rao4	fr	embrouiller; déconcerter	Pangmao		verb
長頸鹿	长颈鹿	chang2 jing3 lu4	fr	girafe	Pangmao		noun
哺乳動物	哺乳动物	bu3 ru3 dong4 wu4	fr	mammifère	Pangmao		noun
學友	学友	xue2 you3	fr	camarade d'école; camarade de classe	Pangmao		noun
星期幾	星期几	xing1 qi1 ji3	fr	quel jour de la semaine ?	Pangmao		pronoun
傑	杰	jie2	fr	héros; personne exceptionnelle	Pangmao		noun
傑	杰	jie2	fr	héroïque; remarquable; éminent; distingué	Pangmao		adjective
砂糖	砂糖	sha1 tang2	fr	sucre en poudre; sucre semoule; sucre granulé	Pangmao		noun
非常感謝	非常感谢	fei1 chang2 gan3 xie4	fr	merci beaucoup !	Pangmao		interjection
非常感謝	非常感谢	fei1 chang2 gan3 xie4	fr	être très reconnaissant	Pangmao		phrase
下一次	下一次	xia4 yi1 ci4	fr	la prochaine fois	Pangmao		noun
團	团	tuan2	fr	rond; en boule	Pangmao		adjective
團	团	tuan2	fr	mettre en boule; se rassembler	Pangmao		verb
團	团	tuan2	fr	groupe; organisation; société	Pangmao		noun
團	团	tuan2	fr	régiment	Pangmao		noun
團	团	tuan2	fr	classificateur des masses ou des objets souples formant un amas	Pangmao		classifier
奇數	奇数	ji1 shu4	fr	nombre impair	Pangmao		noun
早上好	早上好	zao3 shang5 hao3	fr	bonjour ! (le matin)	Pangmao		interjection
自行車道	自行车道	zi4 xing2 che1 dao4	fr	piste cyclable; voie cyclable	Pangmao		noun
酸雨	酸雨	suan1 yu3	fr	pluie acide	Pangmao		noun
閒聊	闲聊	xian2 liao2	fr	bavarder; discuter de manière informelle	Pangmao		verb
閒聊	闲聊	xian2 liao2	fr	conversation informelle	Pangmao		noun
阿里	阿里	A1 li3	fr	Ali (nom propre)	Pangmao		proper noun
阿里	阿里	A1 li3	fr	Ali ibn Abi Talib, quatrième calife de l'islam	Pangmao		proper noun
阿里	阿里	A1 li3	fr	abréviation d'Alibaba	Pangmao		proper noun
阿里	阿里	A1 li3	fr	district d'Ali, au Tibet	Pangmao		proper noun
須	须	xu1	fr	devoir; falloir	Pangmao		verb
須	须	xu1	fr	attendre (littéraire)	Pangmao		verb
